{"cameraMode":{"drawMode":0,"name":"Shaded","section":"Shading Mode"},"sceneLighting":false,"audioPlay":false,"sceneViewState":{"m_AlwaysRefresh":false,"showFog":true,"showSkybox":true,"showFlares":true,"showImageEffects":true,"showParticleSystems":true,"showVisualEffectGraphs":true,"m_FxEnabled":true},"in2DMode":false,"pivot":{"x":-27.696826934814454,"y":35.188907623291019,"z":-18.964101791381837},"rotation":{"x":-0.004552495200186968,"y":0.7954634428024292,"z":-0.005960812792181969,"w":-0.6059696674346924},"size":6.787519931793213,"orthographic":false}