{"cameraMode":{"drawMode":0,"name":"Shaded","section":"Shading Mode"},"sceneLighting":false,"audioPlay":false,"sceneViewState":{"m_AlwaysRefresh":false,"showFog":true,"showSkybox":true,"showFlares":true,"showImageEffects":true,"showParticleSystems":true,"showVisualEffectGraphs":true,"m_FxEnabled":true},"in2DMode":false,"pivot":{"x":-1023.1727294921875,"y":-161.6810760498047,"z":429.55804443359377},"rotation":{"x":0.11630360037088394,"y":0.8628718852996826,"z":-0.23267264664173127,"w":0.43376782536506655},"size":302.0257873535156,"orthographic":false}