{"cameraMode":{"drawMode":0,"name":"Shaded","section":"Shading Mode"},"sceneLighting":false,"audioPlay":false,"sceneViewState":{"m_AlwaysRefresh":false,"showFog":true,"showSkybox":true,"showFlares":true,"showImageEffects":true,"showParticleSystems":true,"showVisualEffectGraphs":true,"m_FxEnabled":true},"in2DMode":false,"pivot":{"x":-58.71580123901367,"y":2.663386583328247,"z":36.455631256103519},"rotation":{"x":0.11946853250265122,"y":-0.20007801055908204,"z":0.024198416620492936,"w":0.9728910326957703},"size":53.06150436401367,"orthographic":false}